{"cameraMode":{"drawMode":0,"name":"Shaded","section":"Shading Mode"},"sceneLighting":false,"audioPlay":false,"sceneViewState":{"showFog":false,"showMaterialUpdate":false,"showSkybox":false,"showFlares":false,"showImageEffects":false,"showParticleSystems":false},"in2DMode":false,"pivot":{"x":0.26899999380111697,"y":1.012451171875,"z":1.4859999418258668},"rotation":{"x":-0.2195793092250824,"y":-0.20428313314914704,"z":0.04707733541727066,"w":-0.9528077244758606},"size":0.4461729824542999,"orthographic":true}